{"stats":{"minecraft:used":{"minecraft:oak_planks":2,"minecraft:wooden_pickaxe":10,"minecraft:wooden_shovel":10,"minecraft:dirt":6,"minecraft:crafting_table":1},"minecraft:mined":{"minecraft:dandelion":6,"minecraft:short_grass":11,"minecraft:oak_log":5,"minecraft:grass_block":12,"minecraft:poppy":1,"minecraft:gravel":2,"minecraft:tall_grass":2,"minecraft:stone":10,"minecraft:oxeye_daisy":1,"minecraft:oak_leaves":3},"minecraft:picked_up":{"minecraft:feather":1,"minecraft:chicken":1,"minecraft:dandelion":5,"minecraft:flint":2,"minecraft:oak_log":5,"minecraft:dirt":12,"minecraft:wheat_seeds":2,"minecraft:poppy":1,"minecraft:oak_planks":1,"minecraft:cobblestone":10,"minecraft:oxeye_daisy":1},"minecraft:dropped":{"minecraft:oak_planks":1},"minecraft:killed":{"minecraft:chicken":1},"minecraft:custom":{"minecraft:time_since_rest":3997,"minecraft:sprint_one_cm":3109,"minecraft:damage_taken":30,"minecraft:walk_one_cm":19686,"minecraft:mob_kills":1,"minecraft:drop":1,"minecraft:damage_dealt":40,"minecraft:interact_with_crafting_table":2,"minecraft:fly_one_cm":194,"minecraft:crouch_one_cm":35,"minecraft:play_time":3997,"minecraft:sneak_time":3,"minecraft:jump":42,"minecraft:leave_game":6,"minecraft:time_since_death":3997,"minecraft:total_world_time":4125,"minecraft:fall_one_cm":569},"minecraft:crafted":{"minecraft:oak_planks":20,"minecraft:wooden_shovel":1,"minecraft:crafting_table":1,"minecraft:stick":4,"minecraft:wooden_pickaxe":1}},"DataVersion":3700}