{"stats":{"minecraft:used":{"minecraft:crafting_table":1,"minecraft:oak_planks":2,"minecraft:wooden_shovel":8},"minecraft:mined":{"minecraft:short_grass":11,"minecraft:grass_block":12,"minecraft:oak_log":5,"minecraft:poppy":1,"minecraft:tall_grass":2,"minecraft:dandelion":6,"minecraft:oxeye_daisy":1},"minecraft:picked_up":{"minecraft:feather":1,"minecraft:chicken":1,"minecraft:wheat_seeds":2,"minecraft:dandelion":5,"minecraft:oak_log":5,"minecraft:poppy":1,"minecraft:oak_planks":1,"minecraft:dirt":12,"minecraft:oxeye_daisy":1},"minecraft:dropped":{"minecraft:oak_planks":1},"minecraft:killed":{"minecraft:chicken":1},"minecraft:custom":{"minecraft:time_since_rest":2397,"minecraft:play_time":2397,"minecraft:crouch_one_cm":35,"minecraft:walk_one_cm":14203,"minecraft:sneak_time":3,"minecraft:mob_kills":1,"minecraft:drop":1,"minecraft:jump":19,"minecraft:damage_dealt":40,"minecraft:leave_game":4,"minecraft:time_since_death":2397,"minecraft:total_world_time":2494,"minecraft:interact_with_crafting_table":1,"minecraft:fly_one_cm":26},"minecraft:crafted":{"minecraft:oak_planks":20,"minecraft:wooden_shovel":1,"minecraft:crafting_table":1,"minecraft:stick":4}},"DataVersion":3700}